{
  "0": {
    "precision": 0.4782608695652174,
    "recall": 0.3728813559322034,
    "f1-score": 0.41904761904761906,
    "support": 59.0
  },
  "1": {
    "precision": 0.24,
    "recall": 0.2727272727272727,
    "f1-score": 0.2553191489361702,
    "support": 22.0
  },
  "2": {
    "precision": 0.1111111111111111,
    "recall": 0.16666666666666666,
    "f1-score": 0.13333333333333333,
    "support": 12.0
  },
  "3": {
    "precision": 0.0,
    "recall": 0.0,
    "f1-score": 0.0,
    "support": 20.0
  },
  "4": {
    "precision": 0.15625,
    "recall": 0.29411764705882354,
    "f1-score": 0.20408163265306123,
    "support": 17.0
  },
  "5": {
    "precision": 0.0,
    "recall": 0.0,
    "f1-score": 0.0,
    "support": 10.0
  },
  "6": {
    "precision": 0.2222222222222222,
    "recall": 0.17647058823529413,
    "f1-score": 0.19672131147540983,
    "support": 34.0
  },
  "7": {
    "precision": 0.6858974358974359,
    "recall": 0.5515463917525774,
    "f1-score": 0.6114285714285714,
    "support": 194.0
  },
  "8": {
    "precision": 0.0,
    "recall": 0.0,
    "f1-score": 0.0,
    "support": 5.0
  },
  "accuracy": 0.3967828418230563,
  "macro avg": {
    "precision": 0.21041573764399849,
    "recall": 0.20382332470809308,
    "f1-score": 0.20221462409712945,
    "support": 373.0
  },
  "weighted avg": {
    "precision": 0.4774976749526522,
    "recall": 0.3967828418230563,
    "f1-score": 0.4308736890155874,
    "support": 373.0
  }
}