{
  "model": "tfidf_linear_svm",
  "accuracy": 0.3967828418230563,
  "macro_f1": 0.20221462409712945,
  "weighted_f1": 0.4308736890155874
}