{
  "0": {
    "precision": 0.5094339622641509,
    "recall": 0.4576271186440678,
    "f1-score": 0.48214285714285715,
    "support": 59.0
  },
  "1": {
    "precision": 0.21875,
    "recall": 0.3181818181818182,
    "f1-score": 0.25925925925925924,
    "support": 22.0
  },
  "2": {
    "precision": 0.08,
    "recall": 0.16666666666666666,
    "f1-score": 0.10810810810810811,
    "support": 12.0
  },
  "3": {
    "precision": 0.02702702702702703,
    "recall": 0.05,
    "f1-score": 0.03508771929824561,
    "support": 20.0
  },
  "4": {
    "precision": 0.11627906976744186,
    "recall": 0.29411764705882354,
    "f1-score": 0.16666666666666666,
    "support": 17.0
  },
  "5": {
    "precision": 0.0,
    "recall": 0.0,
    "f1-score": 0.0,
    "support": 10.0
  },
  "6": {
    "precision": 0.3333333333333333,
    "recall": 0.23529411764705882,
    "f1-score": 0.27586206896551724,
    "support": 34.0
  },
  "7": {
    "precision": 0.7428571428571429,
    "recall": 0.4020618556701031,
    "f1-score": 0.5217391304347826,
    "support": 194.0
  },
  "8": {
    "precision": 0.03571428571428571,
    "recall": 0.2,
    "f1-score": 0.06060606060606061,
    "support": 5.0
  },
  "accuracy": 0.34584450402144773,
  "macro avg": {
    "precision": 0.2292660912181535,
    "recall": 0.23599435820761538,
    "f1-score": 0.21216354116461078,
    "support": 373.0
  },
  "weighted avg": {
    "precision": 0.5200337237972184,
    "recall": 0.34584450402144773,
    "f1-score": 0.401829086444862,
    "support": 373.0
  }
}