{
  "model": "tfidf_logistic_regression",
  "accuracy": 0.34584450402144773,
  "macro_f1": 0.21216354116461078,
  "weighted_f1": 0.401829086444862
}